NAME,ID,nbh_distri,category,Shape_Area_1,grade,redlined,AVG_WALK,Avg_Vul,AVG_POC,AVG_INC,Shape_Length,Shape_Area
CATHEDRAL PARK,31,2,Definitely Declining,1225718.84,C,0,39.33708264,52.90414622,30.64047259,55337.2077,4972.989307,5424297.812
UNIVERSITY PARK,88,2,Definitely Declining,3050784.102,C,0,44.56766822,51.25011862,35.93334236,59014.21069,9499.454838,6981456.791
PIEDMONT,70,2,Definitely Declining,2270041.236,C,0,61.47901455,66.34646131,38.54818919,58481.4933,9802.129598,6079530.009
WOODLAWN,93,2,Definitely Declining,2361099.532,C,0,70.36157988,48.30931532,30.73590003,70233.55995,6936.939019,3870553.614
CULLY,23,2,Definitely Declining,5385357.129,C,0,37.38490441,82.07180264,43.64639984,40725.00061,13912.25038,16580624.67
ARBOR LODGE,2,2,Definitely Declining,1336550.364,C,0,71.55856611,38.30733578,29.47819821,75106.43826,8607.408419,4586999.929
OVERLOOK,66,2,Definitely Declining,1714770.413,C,0,31.18076877,41.13228869,27.16796887,71036.63279,9389.191071,16822517.26
CONCORDIA,19,2,Definitely Declining,1447808.423,C,0,67.77083734,44.48702348,28.04004555,72596.9476,8177.286643,7009777.741
PARKROSE,67,1,Definitely Declining,1716456.349,C,0,36.85783977,92.37574645,44.80685784,33543.02914,6243.383998,10616590.39
SUMNER,84,1,Definitely Declining,1054556.465,C,0,35.99008067,83.04285003,47.49615401,39453.10055,5156.565662,4179036.214
HUMBOLDT,44,2,Definitely Declining,1404600.115,C,0,73.44495142,46.34462122,32.72384642,75478.12071,4988.661685,2904874.304
KING,48,2,Hazardous,1538311.915,D,1,74.05738196,53.84034193,36.76640279,66892.03662,8438.064822,3340861.22
VERNON,89,2,Hazardous,710470.8875,D,1,75.72215649,43.22723382,29.48203276,76199.34888,5781.56626,1571314.823
ROSE CITY PARK,74,3,Still Desirable,1941487.519,B,0,63.05046138,24.36339184,18.83229987,73792.33298,9273.140756,6319333.903
MC UNCLAIMED #5,0,2,Still Desirable,121134.8323,B,0,80.75041425,14.49697426,17.27177664,97976.35825,1755.603626,122803.2345
PEARL DISTRICT,69,4,Commercial,1263153.322, ,0,66.88873571,30.58783776,26.04643502,101608.4944,6024.061273,2350872.681
MONTAVILLA,58,3,Definitely Declining,2482645.002,C,0,67.8190081,58.73828582,35.17617576,51215.43443,12177.4145,11492736.2
LAURELHURST,49,3,Still Desirable,3029925.435,B,0,69.58447362,2.813929773,13.5257874,103776.4352,9558.336125,3524160.612
KERNS,47,3,Hazardous,2430338.041,D,1,71.76508598,48.07619721,27.72663287,53312.88826,14149.99557,4361259.991
NORTH TABOR,16,3,Definitely Declining,1095451.621,C,0,61.02253659,37.49036316,20.20425286,61360.38699,5869.734428,3088448.672
OLD TOWN,65,4,Commercial,813563.833, ,0,68.9128145,78.27966043,26.27633802,34304.29928,4203.416461,1481056.376
BUCKMAN,14,3,Commercial,3208304.085, ,0,77.96185285,52.02353467,26.40798463,54476.32949,17119.92256,6087635.313
PORTLAND DOWNTOWN,24,4,Commercial,1878604.43, ,0,68.58321777,64.43072533,31.36275031,59765.07097,10589.13458,4972643.691
MT. TABOR,80,3,Still Desirable,2213950.428,B,0,64.4921606,26.29146912,22.08589485,68810.62319,8491.178322,8430676.744
SUNNYSIDE,86,3,Definitely Declining,1282340.82,C,0,81.99043811,31.85777756,17.58602463,66620.27429,7232.303505,3151877.614
SOUTH PORTLAND,20,4,Industrial,1629956.275, ,0,47.90562371,35.40481367,26.94253803,73947.1004,11170.9098,8973133.681
HOMESTEAD,42,4,Definitely Declining,820499.5759,C,0,34.1352431,31.01538171,26.41657579,85211.98894,3760.804795,4280944.198
SOUTH TABOR,60,3,Definitely Declining,2735095.689,C,0,66.83720791,40.72092267,25.66542525,64909.98557,6908.410748,4213622.724
BROOKLYN,13,"3,4",Definitely Declining,1625516.235,C,0,35.26106095,24.09466756,17.71409385,62996.80377,6224.12754,9047680.843
CRESTON-KENILWORTH,21,3,Definitely Declining,1552485.589,C,0,72.9789624,57.20466038,30.15113505,54548.14006,7198.733033,4230284.59
HILLSDALE,39,4,Still Desirable,1997295.361,B,0,47.14588919,19.82971636,20.10608992,84954.57734,11932.57681,9865295.977
FOSTER-POWELL,30,3,Definitely Declining,3561518.393,C,0,72.14356224,53.89298802,35.19878975,56556.13494,10188.14772,4689851.33
MT. SCOTT-ARLETA,59,3,Definitely Declining,3771016.958,C,0,69.20360776,47.97715797,27.98648559,59194.6962,13982.05424,4551294.866
SELLWOOD-MORELAND,78,4,Definitely Declining,3730710.714,C,0,49.02634455,24.95374881,16.91228102,59686.06963,8747.618972,10965311.82
HAYHURST,36,4,Still Desirable,1311649.74,B,0,43.06988294,32.51043244,23.29269523,76347.98886,5750.970706,6017254.395
MULTNOMAH,61,4,Still Desirable,1974120.067,B,0,48.85801488,39.24756891,25.39284121,66284.48784,7590.547257,7598194.066
BRENTWOOD-DARLINGTON,10,3,Definitely Declining,9102011.103,C,0,53.33926531,74.70202169,34.12803016,44974.49507,12895.71766,9229278.176
SOUTH BURLINGAME,79,4,Still Desirable,977435.9957,B,0,49.75403925,16.23117338,15.56462277,83472.46225,7440.960034,2238744.628
MC UNCLAIMED #11,0,4,Best,94394.65118,A,0,17.17786239,28.03027606,28.16666639,99642.70355,1943.820092,3318922.202
COLLINS VIEW,17,4,Best,805284.0448,A,0,23.93387081,27.99748029,28.4645948,100459.7175,5331.475432,4574107.78
MC UNCLAIMED #13,0,4,Best,448300.8505,A,0,10.97429691,28,28.96437761,99432.21966,4513.034941,3431726.299
MC UNCLAIMED #14,0,4,Industrial,1164752.673, ,0,16.97804123,17.00725256,13.34663047,76023.3553,5950.271779,9276181.981
SYLVAN-HIGHLANDS,87,4,Best,585790.9548,A,0,22.94554334,1.711761715,17.01862186,125296.2189,3715.869246,6640437.731
ARLINGTON HEIGHTS,5,4,Best,731987.6131,A,0,32.09479267,1.045977714,14.41619895,112399.6273,3781.825292,4839817.265
SOUTHWEST HILLS,82,4,Best,1483300.746,A,0,28.01521551,15.13596838,20.48677423,109669.7896,7971.75572,15515412.59
ARDENWALD-JOHNSON CREEK,3,"3,4",Definitely Declining,197304.1931,C,0,51.57319369,11.80910183,15.46034576,101861.8276,2510.051461,5593594.225
WOODSTOCK,94,"3,4",Definitely Declining,1357629.347,C,0,67.61141955,23.70026377,16.70144674,76635.94882,6776.02417,6953450.635
EASTMORELAND,26,4,Best,2045220.563,A,0,52.66515951,19.44231616,16.02392587,94075.81041,6265.484706,5850771.847
REED,72,4,Definitely Declining,1051977.258,C,0,53.63576237,55.92408347,22.1024384,58093.80925,7184.646435,3581216.006
POWELLHURST-GILBERT,95,1,Definitely Declining,1658103.894,C,0,47.43013996,84.79012393,45.7872555,40395.22381,5253.467972,22283116.74
LENTS,50,1,Definitely Declining,8163201.502,C,0,51.2514575,81.70593933,42.82737777,43447.79989,18818.78846,19437731.28
HAZELWOOD,37,1,Definitely Declining,869773.5266,C,0,52.02823152,86.86900635,43.21592921,35901.32512,6672.538053,21585773.04
MADISON SOUTH,53,3,Definitely Declining,1139248.04,C,0,43.64464253,57.74007968,22.62858949,50418.83059,7136.529324,9277968.048
ROSEWAY,75,"2,3",Still Desirable,2152249.41,B,0,67.91383925,39.01893636,22.99439713,62499.50444,9386.287612,4864648.971
BEAUMONT-WILSHIRE,8,"2,3",Best,1255151.26,A,0,67.95964562,27.22040545,22.7279629,84206.25027,7134.154082,3898812.257
HOLLYWOOD,41,2,Still Desirable,412601.1498,B,0,75.9714816,39.9486822,22.96250003,62428.27692,3751.807338,1170013.658
ALAMEDA,1,2,Still Desirable,1106674.826,B,0,68.10391542,12.33252623,17.35341403,105587.7845,8167.964381,3240807.875
IRVINGTON,45,2,Still Desirable,2615959.254,B,0,70.85052498,25.73463011,20.61173776,94290.60038,8141.192487,4550928.992
SABIN,77,2,Definitely Declining,799119.1422,C,0,73.82230508,34.78281544,27.70548578,82357.61813,6014.61919,2485402.176
BOISE,9,2,Hazardous,1710375.112,D,1,76.9827704,51.03439358,36.23802635,68472.73843,5784.357825,2259638.586
ELIOT,27,2,Hazardous,2653003.448,D,1,65.64813106,59.28216248,29.70925572,55548.31918,7078.335474,4616414.587
BRIDLEMILE,12,4,Still Desirable,151385.0095,B,0,36.11647499,31.08375514,18.04186152,76229.42779,3311.395329,7395741.031
HEALY HEIGHTS,38,4,Best,274608.3217,A,0,26.55912819,30.96525189,23.25181197,83720.97835,2890.532852,310192.5819
LLOYD,52,2,Definitely Declining,979920.2092,C,0,66.03790947,66.84388659,30.89131739,48566.23011,4664.217467,2938994.369
GOOSE HOLLOW,33,4,Definitely Declining,598344.9392,C,0,68.89154673,49.97390731,28.57636731,62356.35709,5266.112335,2289828.283
SULLIVAN'S GULCH,83,2,Still Desirable,848917.1326,B,0,66.41316416,41.71809586,23.98045218,62623.30085,5132.697401,1763382.945
GRANT PARK,34,2,Still Desirable,1320990.476,B,0,76.32319492,20.8875599,19.65294975,91059.78031,9053.331259,2712475.402
HOSFORD-ABERNETHY,43,3,Commercial,2732532.67, ,0,71.70600015,30.97483183,19.987173,72431.06407,18856.25348,6824886.317
RICHMOND,73,3,Hazardous,2359869.233,D,1,75.61078305,19.44670076,19.24583331,77525.82877,7679.406543,6739260.429
FOREST PARK,29,4,Still Desirable,291394.9561,B,0,5.945861463,21.68661284,26.85343375,117921.8124,6700.317538,95515327.45
HILLSIDE,40,4,Best,570469.4596,A,0,33.97123934,10.33956684,21.32406405,120360.3688,6514.39562,3720459.186
NORTHWEST DISTRICT,62,4,Hazardous,2047155.32,D,1,63.82625319,38.2699652,25.22123365,71465.83026,9133.507064,8225181.224
ST. JOHNS,81,2,Definitely Declining,3320702.841,C,0,15.4838466,76.61995989,50.79699314,51575.26057,13144.13475,58544790.11
KENTON,46,2,Still Desirable,2283380.153,B,0,31.73583234,69.26882956,44.94412681,57434.6301,7958.015687,18226592.24
PORTSMOUTH,18,2,Definitely Declining,1698331.082,C,0,70.51822506,78.82458635,50.80032075,44966.82,8056.939514,5722844.45
NORTHWEST HEIGHTS,63,4,,,,0,20.09859564,28.76860624,41.05512171,109661.7561,,7240624.587
PARKROSE HEIGHTS,68,1,,,,0,49.19945466,82.96894686,45.00596784,44139.31093,,5140902.314
RUSSELL,76,1,,,,0,48.43418088,67.01336072,29.86318924,48869.55075,,4216286.329
WOODLAND PARK,92,1,,,,0,48.74742723,84.33109223,45.23023276,45169.90313,,253250.8073
GLENFAIR,32,1,,,,0,54.99229919,87.01460446,56.2054107,33500.23264,,1674190.171
MAPLEWOOD,54,4,,,,0,41.59329605,22.00528276,12.70140036,89732.18068,,3260597.707
MARKHAM,55,4,,,,0,35.14754775,24.01182899,24.23678343,90380.37893,,2733025.498
MARSHALL PARK,56,4,,,,0,22.5260197,27.98427302,29.7910363,97655.32944,,3213765.47
WEST PORTLAND PARK,90,4,,,,0,41.95729563,56.57175749,27.20916535,62185.01494,,3838629.959
ARNOLD CREEK,6,4,,,,0,22.84002721,28.3023404,30.3096598,95916.73742,,5770165.799
FAR SOUTHWEST,28,4,,,,0,33.52140078,46.04676136,23.23129247,69820.20584,,3133419.072
LINNTON,51,4,,,,0,7.749290107,17.74913747,15.366409,82196.98765,,50153169.51
ASHCREEK-CRESTWOOD,96,4,,,,0,30.49093622,16.28009184,16.36010058,88004.62467,,8092108.969
PLEASANT VALLEY,71,1,,,,0,16.57869299,63.39239629,37.55456314,55863.01583,,35258855.28
CENTENNIAL,15,1,,,,0,46.76093839,92.44023606,44.65972912,38718.92159,,17211064.62
MILL PARK,57,1,,,,0,54.2069261,91.50567731,48.06079152,42403.02587,,5582748.459
WILKES,91,1,,,,0,28.1984957,77.49438152,44.95810249,44101.92066,,16277942.4
ARGAY TERRACE,4,1,,,,0,34.88601891,93.15742638,45.85203795,33425.07988,,10910067.41
SUNDERLAND,85,"1,2",,,,0,18.03584391,94.39296764,45.70338327,32296.72218,,9322957.921
HAYDEN ISLAND,35,2,,,,0,7.831215317,64.28155044,32.92073995,54118.95935,,15792580.42
BRIDGETON,11,2,,,,0,24.6914861,76.8377576,51.06542631,55001.78356,,1433718.752
EAST COLUMBIA,25,2,,,,0,21.93849539,76.91312292,51.06357731,54920.80311,,12058728.21
